dropout_rate,hidden_channels,learning_rate,batch_size,epochs,amount_of_layers,optimizer,activation_function,pooling_algorithm,acc,f1,roc,pr,time
0.6346312362615614,23,0.0032253541298720148,74,66,2,adam,sigmoid,mean,0.7368421052631579,0.2857142857142857,0.7928571428571427,0.7368421052631579,0:00:04.845797
0.6763396842183494,57,0.07539215451888068,121,103,4,SGD,relu,mean,0.7368421052631579,0.2857142857142857,0.825,0.7368421052631579,0:00:02.297030
0.3935347917666842,59,0.04642458740326989,121,102,3,adam,sigmoid,sum,0.7894736842105263,0.3333333333333333,0.9107142857142857,0.8070958646616541,0:00:02.155027
