dropout_rate,hidden_channels,learning_rate,batch_size,epochs,amount_of_layers,optimizer,activation_function,pooling_algorithm,acc,f1,roc,pr,time,seed
0.8363283709967047,20,0.6707820098183059,82,11,5,rmsprop,sigmoid,mean,0.7368421052631579,0.8484848484848484,0.5,0.7368421052631579,0:00:00.948259,
0.18347493735457432,32,0.9786259223288989,57,31,13,rmsprop,sigmoid,mean,0.7368421052631579,0.8484848484848484,0.5,0.7368421052631579,0:00:01.823987,
0.18474191404956708,124,0.6404995915656019,145,196,2,adam,sigmoid,sum,0.7368421052631579,0.8484848484848484,0.5,0.7368421052631579,0:00:03.231333,
0.9364581378491148,10,0.9776500908859932,36,196,13,SGD,relu,sum,0.7368421052631579,0.8484848484848484,0.12678571428571428,0.7368421052631579,0:00:17.127064,
